Barcode,Plating_Date,Position,Planting_Date,Outlier,Notes,base_cts_max,base_cts_min,base_cts_mean,base_cts_std,base_cts_median,base_orgs_max,base_orgs_min,base_orgs_mean,base_orgs_std,base_orgs_median,base_deeps_max,base_deeps_min,base_deeps_mean,base_deeps_std,base_deeps_median,base_lengths_max,base_lengths_min,base_lengths_mean,base_lengths_std,base_lengths_median,base_length_ratios_max,base_length_ratios_min,base_length_ratios_mean,base_length_ratios_std,base_length_ratios_median,base_meanxs_max,base_meanxs_min,base_meanxs_mean,base_meanxs_std,base_meanxs_median,base_meanys_max,base_meanys_min,base_meanys_mean,base_meanys_std,base_meanys_median,base_medianxs_max,base_medianxs_min,base_medianxs_mean,base_medianxs_std,base_medianxs_median,base_medianys_max,base_medianys_min,base_medianys_mean,base_medianys_std,base_medianys_median,base_stdxs_max,base_stdxs_min,base_stdxs_mean,base_stdxs_std,base_stdxs_median,base_stdys_max,base_stdys_min,base_stdys_mean,base_stdys_std,base_stdys_median,base_max_diffxs_max,base_max_diffxs_min,base_max_diffxs_mean,base_max_diffxs_std,base_max_diffxs_median,base_25s_max,base_25s_min,base_25s_mean,base_25s_std,base_25s_median,base_75s_max,base_75s_min,base_75s_mean,base_75s_std,base_75s_median,base_25_ratios_max,base_25_ratios_min,base_25_ratios_mean,base_25_ratios_std,base_25_ratios_median,base_75_ratios_max,base_75_ratios_min,base_75_ratios_mean,base_75_ratios_std,base_75_ratios_median,base_median_ratios_max,base_median_ratios_min,base_median_ratios_mean,base_median_ratios_std,base_median_ratios_median,base_ct_densitys_max,base_ct_densitys_min,base_ct_densitys_mean,base_ct_densitys_std,base_ct_densitys_median,tip_cts_max,tip_cts_min,tip_cts_mean,tip_cts_std,tip_cts_median,tip_orgs_max,tip_orgs_min,tip_orgs_mean,tip_orgs_std,tip_orgs_median,tip_deeps_max,tip_deeps_min,tip_deeps_mean,tip_deeps_std,tip_deeps_median,tip_meanxs_max,tip_meanxs_min,tip_meanxs_mean,tip_meanxs_std,tip_meanxs_median,tip_meanys_max,tip_meanys_min,tip_meanys_mean,tip_meanys_std,tip_meanys_median,tip_medianxs_max,tip_medianxs_min,tip_medianxs_mean,tip_medianxs_std,tip_medianxs_median,tip_medianys_max,tip_medianys_min,tip_medianys_mean,tip_medianys_std,tip_medianys_median,tip_stdxs_max,tip_stdxs_min,tip_stdxs_mean,tip_stdxs_std,tip_stdxs_median,tip_stdys_max,tip_stdys_min,tip_stdys_mean,tip_stdys_std,tip_stdys_median,tip_sdx_sdys_max,tip_sdx_sdys_min,tip_sdx_sdys_mean,tip_sdx_sdys_std,tip_sdx_sdys_median,tip_25s_max,tip_25s_min,tip_25s_mean,tip_25s_std,tip_25s_median,tip_75s_max,tip_75s_min,tip_75s_mean,tip_75s_std,tip_75s_median,tip_25_ratios_max,tip_25_ratios_min,tip_25_ratios_mean,tip_25_ratios_std,tip_25_ratios_median,tip_75_ratios_max,tip_75_ratios_min,tip_75_ratios_mean,tip_75_ratios_std,tip_75_ratios_median,tip_median_ratios_max,tip_median_ratios_min,tip_median_ratios_mean,tip_median_ratios_std,tip_median_ratios_median,pr_cts_max,pr_cts_min,pr_cts_mean,pr_cts_std,pr_cts_median,pr_cts_mode,lr_cts_max,lr_cts_min,lr_cts_mean,lr_cts_std,lr_cts_median,lr_cts_mode,pr_lengths_max,pr_lengths_min,pr_lengths_mean,pr_lengths_std,pr_lengths_median,pr_base_tip_dists_max,pr_base_tip_dists_min,pr_base_tip_dists_mean,pr_base_tip_dists_std,pr_base_tip_dists_median,pr_depths_max,pr_depths_min,pr_depths_mean,pr_depths_std,pr_depths_median,grav_indexs_max,grav_indexs_min,grav_indexs_mean,grav_indexs_std,grav_indexs_median,lr_max_lengths_max,lr_max_lengths_min,lr_max_lengths_mean,lr_max_lengths_std,lr_max_lengths_median,lr_min_lengths_max,lr_min_lengths_min,lr_min_lengths_mean,lr_min_lengths_std,lr_min_lengths_median,lr_mean_lengths_max,lr_mean_lengths_min,lr_mean_lengths_mean,lr_mean_lengths_std,lr_mean_lengths_median,lr_std_lengths_max,lr_std_lengths_min,lr_std_lengths_mean,lr_std_lengths_std,lr_std_lengths_median,lr_median_lengths_max,lr_median_lengths_min,lr_median_lengths_mean,lr_median_lengths_std,lr_median_lengths_median,lr_tot_lengths_max,lr_tot_lengths_min,lr_tot_lengths_mean,lr_tot_lengths_std,lr_tot_lengths_median,pr_angles_gravs,pr_angles_gravs_min,pr_angles_gravs_mean,pr_angles_gravs_std,pr_angles_gravs_median,mean_lr_angles_max,mean_lr_angles_min,mean_lr_angles_mean,mean_lr_angles_std,mean_lr_angles_median,std_lr_angles_max,std_lr_angles_min,std_lr_angles_mean,std_lr_angles_std,std_lr_angles_median,max_lr_angles_max,max_lr_angles_min,max_lr_angles_mean,max_lr_angles_std,max_lr_angles_median,min_lr_angles_max,min_lr_angles_min,min_lr_angles_mean,min_lr_angles_std,min_lr_angles_median,median_lr_angles_max,median_lr_angles_min,median_lr_angles_mean,median_lr_angles_std,median_lr_angles_median,pr_angles_grav_tips_max,pr_angles_grav_tips_min,pr_angles_grav_tips_mean,pr_angles_grav_tips_std,pr_angles_grav_tips_median,mean_lr_angle_tips_max,mean_lr_angle_tips_min,mean_lr_angle_tips_mean,mean_lr_angle_tips_std,mean_lr_angle_tips_median,std_lr_angle_tips_max,std_lr_angle_tips_min,std_lr_angle_tips_mean,std_lr_angle_tips_std,std_lr_angle_tips_median,max_lr_angle_tips_max,max_lr_angle_tips_min,max_lr_angle_tips_mean,max_lr_angle_tips_std,max_lr_angle_tips_median,min_lr_angle_tips_max,min_lr_angle_tips_min,min_lr_angle_tips_mean,min_lr_angle_tips_std,min_lr_angle_tips_median,median_lr_angle_tips_max,median_lr_angle_tips_min,median_lr_angle_tips_mean,median_lr_angle_tips_std,median_lr_angle_tips_median,perimeters_max,perimeters_min,perimeters_mean,perimeters_std,perimeters_median,areas_max,areas_min,areas_mean,areas_std,areas_median,longest_dists_max,longest_dists_min,longest_dists_mean,longest_dists_std,longest_dists_median,shortest_dists_max,shortest_dists_min,shortest_dists_mean,shortest_dists_std,shortest_dists_median,median_dists_max,median_dists_min,median_dists_mean,median_dists_std,median_dists_median,max_widths,max_heights
L9R5BM6,8/1/2022,1-A-29,8/3/2022,,,1.0,1.0,1.0,0.0,1.0,248.2216187,217.1169739,233.2879466,8.255744969,236.4042664,248.2216187,217.1169739,233.2879466,8.255744969,236.4042664,0.0,0.0,0.0,0.0,0.0,0.0,0.0,0.0,0.0,0.0,992.7374268,828.1243896,889.734038,50.22520037,896.8059692,248.2216187,217.1169739,233.2879466,8.255744969,236.4042664,992.7374268,828.1243896,889.734038,50.22520037,896.8059692,248.2216187,217.1169739,233.2879466,8.255744969,236.4042664,0.0,0.0,0.0,0.0,0.0,0.0,0.0,0.0,0.0,0.0,0.0,0.0,0.0,0.0,0.0,248.2216187,217.1169739,233.2879466,8.255744969,236.4042664,248.2216187,217.1169739,233.2879466,8.255744969,236.4042664,0.965157491,0.728385668,0.808803631,0.056683585,0.797643883,0.965157491,0.728385668,0.808803631,0.056683585,0.797643883,0.965157491,0.728385668,0.808803631,0.056683585,0.797643883,0.032358931,0.007503411,0.017636919,0.006171838,0.016403932,1.0,1.0,1.0,0.0,1.0,316.7177429,308.7611694,312.554583,1.558348852,312.4455872,316.7177429,308.7611694,312.554583,1.558348852,312.4455872,1020.646118,744.3899536,837.6766435,83.03120442,812.2776489,316.7177429,308.7611694,312.554583,1.558348852,312.4455872,1020.646118,744.3899536,837.6766435,83.03120442,812.2776489,316.7177429,308.7611694,312.554583,1.558348852,312.4455872,0.0,0.0,0.0,0.0,0.0,0.0,0.0,0.0,0.0,0.0,,,,,,316.7177429,308.7611694,312.554583,1.558348852,312.4455872,316.7177429,308.7611694,312.554583,1.558348852,312.4455872,1.278289005,1.012739273,1.098600719,0.081462823,1.067989279,1.278289005,1.012739273,1.098600719,0.081462823,1.067989279,1.278289005,1.012739273,1.098600719,0.081462823,1.067989279,3.0,1.0,1.444444444,0.549971941,1.0,1.0,1.0,0.0,0.652777778,0.476087125,1.0,1.0,240.2622551,24.39207103,64.25259283,41.48382782,51.37682795,220.0047011,68.95798073,116.4702974,47.99175429,105.0096873,308.5900879,244.3627167,290.1573007,17.54654707,296.5519562,19.43632367,0.8699232,8.226419303,4.889486428,7.993149694,123.3335653,0.0,53.99428094,41.70998709,73.51693767,123.3335653,0.0,53.99428094,41.70998709,73.51693767,123.3335653,0.0,53.99428094,41.70998709,73.51693767,0.0,0.0,0.0,0.0,0.0,123.3335653,0.0,53.99428094,41.70998709,73.51693767,123.3335653,0.0,53.99428094,41.70998709,73.51693767,56.4204932,0.519520097,22.34670082,15.01808165,19.83463017,79.14372363,0.743085413,25.92371327,21.49486563,14.1089895,0.0,0.0,0.0,0.0,0.0,79.14372363,0.743085413,25.92371327,21.49486563,14.1089895,79.14372363,0.743085413,25.92371327,21.49486563,14.1089895,79.14372363,0.743085413,25.92371327,21.49486563,14.1089895,62.91253569,9.502620168,33.75119443,17.91739407,31.84012465,41.6786053,0.100582548,16.23686293,11.94868628,12.95516515,0.0,0.0,0.0,0.0,0.0,41.6786053,0.100582548,16.23686293,11.94868628,12.95516515,41.6786053,0.100582548,16.23686293,11.94868628,12.95516515,41.6786053,0.100582548,16.23686293,11.94868628,12.95516515,575.7800142,0.0,325.8294422,177.5106836,343.7064505,10915.28231,0.0,4762.23888,4054.827126,3931.6296,267.9396572,0.0,149.2187164,80.48643763,148.1622476,38.70567189,0.0,15.23649469,9.560305012,15.62383937,203.810659,0.0,101.784338,60.50366254,107.4806438,129.5304871,91.63478088
WI0EIGQ,8/1/2022,1-A-33,8/2/2022,,,1.0,1.0,1.0,0.0,1.0,344.319458,292.8498535,311.8028762,13.46843039,308.7314758,344.319458,292.8498535,311.8028762,13.46843039,308.7314758,0.0,0.0,0.0,0.0,0.0,0.0,0.0,0.0,0.0,0.0,1088.324707,827.9123535,938.5064054,67.61949058,916.6456909,344.319458,292.8498535,311.8028762,13.46843039,308.7314758,1088.324707,827.9123535,938.5064054,67.61949058,916.6456909,344.319458,292.8498535,311.8028762,13.46843039,308.7314758,0.0,0.0,0.0,0.0,0.0,0.0,0.0,0.0,0.0,0.0,0.0,0.0,0.0,0.0,0.0,344.319458,292.8498535,311.8028762,13.46843039,308.7314758,344.319458,292.8498535,311.8028762,13.46843039,308.7314758,1.048675611,0.796411301,0.890852825,0.070358774,0.875839695,1.048675611,0.796411301,0.890852825,0.070358774,0.875839695,1.048675611,0.796411301,0.890852825,0.070358774,0.875839695,0.119954026,0.007335021,0.031447575,0.029759741,0.019263051,1.0,1.0,1.0,0.0,1.0,360.1362,352.4153748,356.7604642,1.467001242,356.5785828,360.1362,352.4153748,356.7604642,1.467001242,356.5785828,1124.155762,691.9530029,963.5909737,144.9220978,1001.154419,360.1362,352.4153748,356.7604642,1.467001242,356.5785828,1124.155762,691.9530029,963.5909737,144.9220978,1001.154419,360.1362,352.4153748,356.7604642,1.467001242,356.5785828,0.0,0.0,0.0,0.0,0.0,0.0,0.0,0.0,0.0,0.0,,,,,,360.1362,352.4153748,356.7604642,1.467001242,356.5785828,360.1362,352.4153748,356.7604642,1.467001242,356.5785828,1.112692888,0.939521278,1.017902203,0.039690265,1.010894852,1.112692888,0.939521278,1.017902203,0.039690265,1.010894852,1.112692888,0.939521278,1.017902203,0.039690265,1.010894852,2.0,0.0,0.722222222,0.532870169,1.0,1.0,1.0,0.0,0.694444444,0.460642332,1.0,1.0,136.3322567,0.0,39.41242327,36.29763422,43.70969167,96.29621196,0.0,4.012342165,19.24251704,0.0,380.0593567,0.0,235.5745324,161.8741093,330.5758209,2.034546579,0.0,0.084772774,0.406555942,0.0,157.7771881,0.0,67.07486111,58.47019732,64.16881268,157.7771881,0.0,67.07486111,58.47019732,64.16881268,157.7771881,0.0,67.07486111,58.47019732,64.16881268,0.0,0.0,0.0,0.0,0.0,157.7771881,0.0,67.07486111,58.47019732,64.16881268,157.7771881,0.0,67.07486111,58.47019732,64.16881268,71.07803601,8.653377826,24.89973575,10.61650618,22.64581518,76.92759101,21.28549961,62.04042005,12.79282143,65.15147136,0.0,0.0,0.0,0.0,0.0,76.92759101,21.28549961,62.04042005,12.79282143,65.15147136,76.92759101,21.28549961,62.04042005,12.79282143,65.15147136,76.92759101,21.28549961,62.04042005,12.79282143,65.15147136,24.52420172,24.52420172,24.52420172,0.0,24.52420172,70.53710795,0.482209443,58.94976023,14.89857657,64.59455064,0.0,0.0,0.0,0.0,0.0,70.53710795,0.482209443,58.94976023,14.89857657,64.59455064,70.53710795,0.482209443,58.94976023,14.89857657,64.59455064,70.53710795,0.482209443,58.94976023,14.89857657,64.59455064,447.1153269,0.0,201.4594504,169.4052735,169.3900279,8011.887559,0.0,2388.546732,2571.391943,1272.954766,201.3350625,0.0,90.30134761,76.70456768,68.75038301,96.67856762,0.0,22.29000184,21.07530583,22.15652736,151.8832627,0.0,53.77581292,44.98441591,54.63350963,57.65457153,55.62809753
HK21ZFG,8/1/2022,1-A-70,8/2/2022,,,1.0,1.0,1.0,0.0,1.0,296.4647217,272.0677185,278.0094781,6.269330791,276.7787781,296.4647217,272.0677185,278.0094781,6.269330791,276.7787781,0.0,0.0,0.0,0.0,0.0,0.0,0.0,0.0,0.0,0.0,932.3733521,868.0249023,890.3654668,26.24947487,872.8546143,296.4647217,272.0677185,278.0094781,6.269330791,276.7787781,932.3733521,868.0249023,890.3654668,26.24947487,872.8546143,296.4647217,272.0677185,278.0094781,6.269330791,276.7787781,0.0,0.0,0.0,0.0,0.0,0.0,0.0,0.0,0.0,0.0,0.0,0.0,0.0,0.0,0.0,296.4647217,272.0677185,278.0094781,6.269330791,276.7787781,296.4647217,272.0677185,278.0094781,6.269330791,276.7787781,0.92603109,0.784808147,0.808131301,0.034097294,0.795150593,0.92603109,0.784808147,0.808131301,0.034097294,0.795150593,0.92603109,0.784808147,0.808131301,0.034097294,0.795150593,0.009610799,0.007060832,0.008383721,0.00076317,0.008286132,1.0,1.0,1.0,0.0,1.0,361.0868835,356.9898376,360.3137202,0.952387919,360.5125427,361.0868835,356.9898376,360.3137202,0.952387919,360.5125427,976.8631592,828.0253906,895.4416475,52.74455997,888.2633057,361.0868835,356.9898376,360.3137202,0.952387919,360.5125427,976.8631592,828.0253906,895.4416475,52.74455997,888.2633057,361.0868835,356.9898376,360.3137202,0.952387919,360.5125427,0.0,0.0,0.0,0.0,0.0,0.0,0.0,0.0,0.0,0.0,,,,,,361.0868835,356.9898376,360.3137202,0.952387919,360.5125427,361.0868835,356.9898376,360.3137202,0.952387919,360.5125427,1.138254359,1.024212747,1.055287275,0.031268775,1.037395726,1.138254359,1.024212747,1.055287275,0.031268775,1.037395726,1.138254359,1.024212747,1.055287275,0.031268775,1.037395726,2.0,1.0,1.097222222,0.296260125,1.0,1.0,2.0,0.0,0.888888889,0.355729124,1.0,1.0,158.7651974,60.79061006,120.1756896,22.01692686,123.3255664,153.2880549,98.94109602,121.912401,13.65009991,121.7952651,348.7799988,316.5505676,341.8415332,9.2359628,344.7194061,7.634128852,0.111420868,2.826419198,1.954612054,2.522300334,107.6763357,0.0,64.74403192,28.41127045,67.03360186,107.6763357,0.0,64.02301096,29.26079239,67.03360186,107.6763357,0.0,64.38352144,28.67872758,67.03360186,25.95675485,0.0,0.360510484,3.037715333,0.0,107.6763357,0.0,64.38352144,28.67872758,67.03360186,107.6763357,0.0,64.80585905,28.39780973,67.03360186,42.55620609,0.201476281,17.40207377,12.28763259,13.29966194,64.50005754,3.481812656,28.86167582,14.70061995,28.50716335,0.0,0.0,0.0,0.0,0.0,64.50005754,3.481812656,28.86167582,14.70061995,28.50716335,64.50005754,3.481812656,28.86167582,14.70061995,28.50716335,64.50005754,3.481812656,28.86167582,14.70061995,28.50716335,49.29859567,0.017206764,31.65443585,13.83585889,36.0371164,37.79527815,2.732356063,21.56373042,10.41726413,23.21333148,0.0,0.0,0.0,0.0,0.0,37.79527815,2.732356063,21.56373042,10.41726413,23.21333148,37.79527815,2.732356063,21.56373042,10.41726413,23.21333148,37.79527815,2.732356063,21.56373042,10.41726413,23.21333148,350.7840443,198.9123734,288.4758299,42.54761298,290.1139268,2236.400004,192.1262195,1261.78795,609.5102189,1288.390265,173.1329783,99.32331465,142.6707127,20.61220096,143.1587559,24.40272371,5.003531939,15.17119394,4.239421206,15.10683391,85.21892114,38.47988873,67.2556239,11.1361143,70.15248843,85.85574341,115.9864197
G3ONZN566P,8/8/2022,4-A-52,,,,2.0,1.0,1.014285714,0.118666055,1.0,316.1694641,288.7399902,309.3968004,5.172430871,310.4170227,316.1694641,292.5297546,309.737323,4.548269848,311.8279266,24.97680466,0.0,0.356811495,2.96389888,0.0,0.525598931,0.0,0.007508556,0.062370752,0.0,1056.816528,1024.637085,1042.529689,9.647331058,1040.825439,316.1694641,292.5297546,309.5670617,4.660489852,310.4170227,1056.816528,1024.637085,1042.529689,9.647331058,1040.825439,316.1694641,292.5297546,309.5670617,4.660489852,310.4170227,3.730224609,0.0,0.053288923,0.442651039,0.0,11.91828918,0.0,0.170261274,1.414296362,0.0,7.460449219,0.0,0.106577846,0.885302079,0.0,316.1694641,292.5297546,309.4819311,4.87206782,310.4170227,316.1694641,292.5297546,309.6521924,4.550099294,310.4170227,1.17897328,0.90661369,0.993154117,0.092684767,0.941464432,1.17897328,0.90661369,0.993787455,0.093534466,0.941464432,1.17897328,0.90661369,0.993470786,0.093073422,0.941464432,0.042086963,0.007236392,0.01322364,0.006712829,0.009940365,1.0,1.0,1.0,0.0,1.0,336.8072205,288.4538269,333.1162467,6.16720298,335.9686279,336.8072205,288.4538269,333.1162467,6.16720298,335.9686279,1052.812378,1031.950928,1044.871664,6.296611012,1044.339478,336.8072205,288.4538269,333.1162467,6.16720298,335.9686279,1052.812378,1031.950928,1044.871664,6.296611012,1044.339478,336.8072205,288.4538269,333.1162467,6.16720298,335.9686279,0.0,0.0,0.0,0.0,0.0,0.0,0.0,0.0,0.0,0.0,,,,,,336.8072205,288.4538269,333.1162467,6.16720298,335.9686279,336.8072205,288.4538269,333.1162467,6.16720298,335.9686279,1.255279231,0.977635554,1.069115391,0.101758861,1.023715425,1.255279231,0.977635554,1.069115391,0.101758861,1.023715425,1.255279231,0.977635554,1.069115391,0.101758861,1.023715425,2.0,1.0,1.055555556,0.229061424,1.0,1.0,2.0,0.0,1.0,0.23570226,1.0,1.0,138.1904192,29.46048327,90.30527374,33.88877996,100.1817314,127.8085735,94.30035783,108.8815389,11.9124411,105.5812128,336.0472107,260.6459656,312.713896,27.22591447,328.1133423,8.496179395,0.298065853,3.710573352,2.383905956,3.554029775,45.39134465,0.0,23.74389668,6.524950099,23.87221652,45.39134465,0.0,23.35655546,7.132164708,23.83035549,45.39134465,0.0,23.55022607,6.717203656,23.83035549,10.19072673,0.0,0.193670607,1.26512792,0.0,45.39134465,0.0,23.55022607,6.717203656,23.83035549,45.39134465,0.0,23.87461105,6.452470978,23.87221652,21.96737517,0.083525384,9.177924312,6.384206428,9.460189142,134.8851845,0.054846504,23.30823202,23.81861313,19.40506733,38.9407294,0.0,0.556296134,4.620942743,0.0,134.8851845,0.054846504,23.86452815,25.00059519,19.40506733,134.8851845,0.054846504,22.75193588,23.50168349,19.31067796,134.8851845,0.054846504,23.30823202,23.81861313,19.40506733,34.89012149,0.209032491,19.87508694,10.75274391,20.81279007,116.4144996,0.162978636,12.90860093,14.61399054,10.95568611,0.0,0.0,0.0,0.0,0.0,116.4144996,0.162978636,12.90860093,14.61399054,10.95568611,116.4144996,0.162978636,12.90860093,14.61399054,10.95568611,116.4144996,0.162978636,12.90860093,14.61399054,10.95568611,275.2160829,0.0,231.7304476,39.71871409,237.3809899,2485.001711,0.0,1141.323956,528.7202954,1220.611724,133.8831983,0.0,112.3207115,19.02509022,113.5795893,47.4808977,0.0,12.1532767,5.665332248,11.98759797,81.08440855,0.0,59.12846568,13.53064527,62.04953287,48.10186768,103.9048996
B6QMKZVSBA,8/8/2022,3-A-26,,,,4.0,1.0,2.259259259,0.774242406,2.0,436.4226685,400.6549988,416.163169,8.202256191,416.6414032,500.3162231,416.4721375,455.1527156,32.35839948,436.5487366,95.84949633,0.0,42.61155297,30.03679529,30.19869144,4.587596603,0.0,1.028775217,0.823867221,0.906190595,1022.49469,787.1640015,927.5155704,78.85969313,952.4862874,462.3813629,414.3899078,434.1410151,16.58888281,431.5334549,1022.49469,788.431488,927.2112269,78.89056351,950.7316589,462.3813629,414.3899078,431.5622231,15.37468333,424.5115814,18.87956852,0.0,6.903509334,5.068387819,7.69380188,37.93486023,0.0,17.91972529,13.96928936,11.8212204,50.46514893,0.0,15.42822605,12.05067405,15.54998779,443.4139328,407.5224533,423.9042794,10.69847664,422.2647781,481.348793,416.4721375,442.8608237,22.58440707,435.0178642,1.530179464,1.23719638,1.382277903,0.070717243,1.382452658,1.656903114,1.23719638,1.44338749,0.086415022,1.441520575,1.565479249,1.23719638,1.407097458,0.07712556,1.408173017,0.190222971,0.012011687,0.059821726,0.036150771,0.053178061,5.0,1.0,3.351851852,0.864043196,3.0,520.3538818,408.805481,434.1560211,22.32406119,432.6731262,523.9346313,504.261322,518.7510212,3.913672202,520.3066711,1021.68501,780.4911296,924.1690202,74.16623281,941.1297913,520.3538818,464.266449,485.7344175,10.24646571,486.9958471,1008.603455,780.7005005,920.0118261,71.20839231,940.5681763,520.3538818,455.8607788,502.1386806,14.17863816,505.050293,52.97573185,0.0,32.67146197,12.94634371,34.30938951,50.71015156,0.0,36.67489413,9.690098589,38.48174758,1.927234808,0.107672616,0.919883713,0.354863625,0.867217691,520.3538818,426.8862381,466.7888978,20.91636387,470.6058884,520.3538818,480.0610504,512.6801364,6.012112555,514.3508987,1.806329341,1.319519623,1.522029401,0.096177942,1.50004898,1.817112576,1.50512796,1.671986706,0.081887258,1.680394647,1.806329341,1.429610871,1.637300942,0.085162306,1.6342201,1.0,0.0,0.75,0.433012702,1.0,1.0,6.0,1.0,3.375,0.919503187,3.0,3.0,89.56025292,0.0,33.89333375,25.56153332,35.99083962,0.0,0.0,0.0,0.0,0.0,340.3944702,0.0,230.506098,133.7173397,300.3990631,0.0,0.0,0.0,0.0,0.0,131.322099,31.22231694,89.32596223,27.97164204,94.70652963,92.05800129,2.128485111,21.52686604,16.40610467,19.32521968,94.27144742,17.93597497,53.8546693,17.20241545,53.57745308,53.01708526,0.0,28.57051833,13.56380063,33.74636658,111.854477,17.93597497,51.69037412,23.80850349,47.7937834,332.175434,35.87194994,182.4012686,74.70246132,164.6459628,23.25704953,0.001226252,10.52725066,6.271431633,11.88565298,89.29260068,9.785703638,41.42666566,14.54779003,39.86074456,36.70995759,0.0,15.24087882,11.01259619,16.09732409,106.7536348,18.47993264,59.31429556,19.42757604,62.72115621,77.01997205,0.318669704,25.92478609,18.18162053,25.48896825,89.29260068,7.733055083,39.26529291,16.30178589,36.84822042,,,,,,56.56344299,6.045642401,36.46139514,11.38673947,37.42606626,33.37196499,0.0,14.09166159,9.813016609,13.73759771,77.30354652,11.35652791,52.31550406,17.00933372,58.1514885,56.56344299,0.096250722,21.79533209,13.94974913,21.72216328,64.5517499,6.045642401,35.39973346,12.73113421,33.82143372,642.3386055,0.0,433.6868295,252.7269818,563.383463,16697.39452,0.0,8566.506164,5822.094445,9464.272881,279.7136192,0.0,195.4707746,113.2295338,256.2467786,105.0098465,0.0,31.01693195,28.50109654,27.05517127,255.7581461,0.0,99.04448068,63.60270775,116.1416928,77.68951416,248.4873657
ANC7A5D2R3,8/8/2022,3-B-30,,,,1.0,1.0,1.0,0.0,1.0,364.84375,364.6503601,364.7517598,0.079230961,364.7611694,364.84375,364.6503601,364.7517598,0.079230961,364.7611694,0.0,0.0,0.0,0.0,0.0,0.0,0.0,0.0,0.0,0.0,1068.923706,1032.420532,1048.642253,15.17633024,1044.58252,364.84375,364.6503601,364.7517598,0.079230961,364.7611694,1068.923706,1032.420532,1048.642253,15.17633024,1044.58252,364.84375,364.6503601,364.7517598,0.079230961,364.7611694,0.0,0.0,0.0,0.0,0.0,0.0,0.0,0.0,0.0,0.0,0.0,0.0,0.0,0.0,0.0,364.84375,364.6503601,364.7517598,0.079230961,364.7611694,364.84375,364.6503601,364.7517598,0.079230961,364.7611694,1.624206691,1.516878016,1.569768214,0.043830423,1.568219935,1.624206691,1.516878016,1.569768214,0.043830423,1.568219935,1.624206691,1.516878016,1.569768214,0.043830423,1.568219935,0.022172416,0.015673828,0.019358828,0.002723653,0.02023024,2.0,1.0,1.333333333,0.471404521,1.0,401.118103,384.6532898,394.0593465,6.923625371,396.4066467,401.118103,396.4066467,398.1198425,2.127282863,396.8347778,1114.49353,1024.336914,1061.037394,38.66624597,1044.281738,401.118103,390.7440338,396.0895945,4.241125604,396.4066467,1114.49353,1024.336914,1061.037394,38.66624597,1044.281738,401.118103,390.7440338,396.0895945,4.241125604,396.4066467,53.90661621,0.0,17.96887207,25.41182258,0.0,6.090744019,0.0,2.030248006,2.871204265,0.0,8.850579838,8.850579838,8.850579838,0.0,8.850579838,401.118103,387.6986618,395.0744705,5.558859042,396.4066467,401.118103,393.7894058,397.1047185,3.032372982,396.4066467,1.786096661,1.612754686,1.700913041,0.07079782,1.703887776,1.786096661,1.638091054,1.709358497,0.06054674,1.703887776,1.786096661,1.62542287,1.705135769,0.065600736,1.703887776,1.0,0.0,0.041666667,0.199826313,0.0,0.0,3.0,1.0,1.819444444,0.508985617,2.0,2.0,63.80062281,0.0,2.199064703,10.67178424,0.0,0.0,0.0,0.0,0.0,0.0,240.3953094,0.0,9.689190123,46.48641698,0.0,0.0,0.0,0.0,0.0,0.0,154.346044,19.84911045,77.45143655,38.65315493,68.38458825,153.9477253,3.39451123,27.6498118,28.55382636,16.21888021,153.9477253,19.54491917,52.12397352,25.74606958,43.71554283,75.20897279,0.0,24.6507022,21.92826759,22.4851514,153.9477253,10.01780255,51.27067222,26.48066255,42.75015268,177.3033104,19.84911045,91.32731131,42.51451905,80.18565192,13.20290306,3.146050856,8.686579658,4.169077962,9.710785061,105.4625322,0.134023059,50.52035243,21.56808594,47.86327276,45.89520947,0.0,7.803049391,12.85145286,0.0,105.4625322,0.134023059,58.32340182,25.63843817,65.23784542,105.4625322,0.134023059,42.71730304,24.56328218,43.33836691,105.4625322,0.134023059,50.52035243,21.56808594,47.86327276,,,,,,87.25324087,0.426732348,44.77374883,24.21105853,44.40249356,40.06948016,0.0,7.977920483,13.58653092,0.0,87.29367911,0.426732348,52.75166931,29.42891057,67.98284146,87.25324087,0.426732348,36.79582835,25.98995148,29.06507702,87.25324087,0.426732348,44.77374883,24.21105853,44.40249356,551.7771465,0.0,19.80495913,95.63545016,0.0,11420.83099,0.0,219.5343413,1377.697206,0.0,232.895189,0.0,9.249335239,44.3925436,0.0,40.05954581,0.0,1.141903205,5.922998047,0.0,164.7972443,0.0,6.473676192,31.11095903,0.0,0.0,0.0
H3G1XV30L3,8/8/2022,3-A-62,,,,2.0,1.0,1.086206897,0.280669321,1.0,380.5802307,275.9135742,334.189269,26.68122856,344.3895264,380.5802307,275.9135742,339.7270581,20.54724667,344.429718,69.95424907,0.0,5.66391,18.49270257,0.0,1.242908694,0.0,0.05958901,0.226186151,0.0,999.7277222,816.8150635,919.6786867,60.80496273,930.2416382,380.5802307,275.9135742,336.9581636,22.02965363,344.3895264,999.7277222,816.8150635,919.6786867,60.80496273,930.2416382,380.5802307,275.9135742,336.9581636,22.02965363,344.3895264,9.650665283,0.0,0.533732447,1.957120643,0.0,34.46958923,0.0,2.76889459,9.040631196,0.0,19.30133057,0.0,1.067464894,3.914241287,0.0,380.5802307,275.9135742,335.5737163,24.04503161,344.3895264,380.5802307,275.9135742,338.3426109,20.81620136,344.3895264,0.904802956,0.618306132,0.756994269,0.066065416,0.747210297,0.904802956,0.618306132,0.763186325,0.059816038,0.747738984,0.904802956,0.618306132,0.760090297,0.062196232,0.747210297,0.037531811,0.004116191,0.011934244,0.007729178,0.009284414,1.0,1.0,1.0,0.0,1.0,497.1286621,496.2893372,496.6766825,0.161714233,496.6858368,497.1286621,496.2893372,496.6766825,0.161714233,496.6858368,928.3127441,876.5203247,901.1349915,18.48004432,900.7396851,497.1286621,496.2893372,496.6766825,0.161714233,496.6858368,928.3127441,876.5203247,901.1349915,18.48004432,900.7396851,497.1286621,496.2893372,496.6766825,0.161714233,496.6858368,0.0,0.0,0.0,0.0,0.0,0.0,0.0,0.0,0.0,0.0,,,,,,497.1286621,496.2893372,496.6766825,0.161714233,496.6858368,497.1286621,496.2893372,496.6766825,0.161714233,496.6858368,1.321516142,1.051749313,1.123559362,0.067687847,1.079186153,1.321516142,1.051749313,1.123559362,0.067687847,1.079186153,1.321516142,1.051749313,1.123559362,0.067687847,1.079186153,2.0,0.0,1.013888889,0.589091946,1.0,1.0,2.0,1.0,1.166666667,0.372677996,1.0,1.0,242.9430573,0.0,100.7381505,73.16253443,102.6461428,184.6695578,0.0,106.5803159,78.43439166,149.6839798,472.3594055,0.0,369.6440413,166.905349,438.540741,26.21765416,0.0,7.839352046,9.392690239,2.834171918,232.8441806,100.0701336,161.6987945,26.6965263,168.1032102,213.331576,8.99199673,144.3039466,53.30164189,166.427877,213.331576,60.31309539,153.0013706,35.86792747,166.427877,104.8678798,0.0,8.697423979,22.1444474,0.0,213.331576,60.31309539,153.0013706,35.86792747,166.427877,266.7374071,100.0701336,168.1115735,28.9134459,173.2136528,53.03257219,1.125656353,30.33444396,16.05579743,28.28518203,59.21659278,0.326990138,25.40417757,11.51617413,27.34210901,32.39343441,0.0,1.57077199,6.007107624,0.0,75.15537674,0.326990138,26.97494956,14.22482692,28.3387426,59.21659278,0.326990138,23.83340558,11.62194116,25.6626662,59.21659278,0.326990138,25.40417757,11.51617413,27.34210901,12.53753406,1.275111505,7.807898451,2.887734955,8.873743201,35.12198848,0.10666486,23.70444163,10.28422832,28.07582449,0.0,0.0,0.0,0.0,0.0,35.12198848,0.10666486,23.70444163,10.28422832,28.07582449,35.12198848,0.10666486,23.70444163,10.28422832,28.07582449,35.12198848,0.10666486,23.70444163,10.28422832,28.07582449,523.6675493,0.0,349.1793299,169.0952619,377.1779672,11831.94738,0.0,3756.234965,4126.218361,1781.791275,235.7294798,0.0,162.4758521,75.5617214,185.0522686,87.56857863,0.0,27.63791938,22.944575,26.08971151,160.0860382,0.0,86.60858886,45.31529264,99.71421645,57.75888062,182.2085419
UZCKSHKBXN,8/8/2022,3-B-6,,,,2.0,1.0,1.111111111,0.314269681,1.0,436.2408142,417.348877,426.3958503,6.775341522,424.7547913,440.0774841,417.348877,428.1405809,7.95021599,428.5917358,22.21758771,0.0,2.468620857,6.982314191,0.0,0.39661641,0.0,0.04406849,0.124644513,0.0,1085.077148,768.6619873,920.934628,108.2826841,872.3175659,436.2408142,417.348877,427.2682156,6.961854894,428.5917358,1085.077148,768.6619873,920.934628,108.2826841,872.3175659,436.2408142,417.348877,427.2682156,6.961854894,428.5917358,7.858917236,0.0,0.873213026,2.469819409,0.0,7.851287842,0.0,0.872365316,2.467421722,0.0,15.71783447,0.0,1.746426053,4.939638818,0.0,436.2408142,417.348877,426.8320329,6.757536213,428.3005524,436.2408142,417.348877,427.7043983,7.369846433,428.5917358,1.59725129,1.171986719,1.337174749,0.166515522,1.245682096,1.59725129,1.171986719,1.340244198,0.169838973,1.245682096,1.59725129,1.171986719,1.338709473,0.168129429,1.245682096,0.035702923,0.006635648,0.017817652,0.009618666,0.014739785,2.0,1.0,1.047619048,0.212958855,1.0,428.2276306,420.1705322,422.5583176,2.832513946,420.9239502,448.5102234,420.1705322,423.8834214,6.178290345,420.9515991,1120.328491,688.2861328,830.6376924,139.3730812,764.7209473,434.5966339,420.1705322,423.2208695,3.783874146,420.9515991,1120.328491,688.2861328,830.6376924,139.3730812,764.7209473,434.5966339,420.1705322,423.2208695,3.783874146,420.9515991,19.81292725,0.0,0.943472726,4.219338301,0.0,13.91358948,0.0,0.66255188,2.963022084,0.0,1.423998263,1.423998263,1.423998263,0.0,1.423998263,428.2276306,420.1705322,422.8895936,2.9959213,420.9515991,441.5534286,420.1705322,423.5521455,4.904040437,420.9515991,1.571720978,1.178013983,1.260810725,0.125860134,1.20207733,1.571720978,1.178013983,1.263141937,0.130715046,1.20207733,1.571720978,1.178013983,1.261976331,0.128204624,1.20207733,2.0,0.0,0.902777778,0.690404918,1.0,1.0,2.0,0.0,0.666666667,0.623609564,1.0,1.0,221.5901827,0.0,77.24887995,64.18282737,80.85579783,0.0,0.0,0.0,0.0,0.0,368.1908569,0.0,231.3048291,151.2963474,296.5176392,0.0,0.0,0.0,0.0,0.0,28.33253771,0.0,9.10069771,9.300671721,8.116773419,28.33253771,0.0,8.824382055,9.155658187,8.116773419,28.33253771,0.0,8.962539882,9.20441527,8.116773419,5.183979444,0.0,0.138157828,0.66560137,0.0,28.33253771,0.0,8.962539882,9.20441527,8.116773419,36.42106158,0.0,10.10279574,10.54283662,8.116773419,44.14898357,0.951315106,31.50437211,8.174902398,32.90478883,131.3851287,5.947472531,88.57759603,33.64712695,95.05214683,50.89292577,0.0,4.144137143,10.47566806,0.0,131.3851287,5.947472531,92.72173317,32.52917047,108.2922364,131.3851287,5.947472531,84.43345889,37.75699425,95.05214683,131.3851287,5.947472531,88.57759603,33.64712695,95.05214683,,,,,,109.1316451,33.57745464,82.13885744,23.09524573,90.79524627,36.82469923,0.0,3.661511819,8.435131249,0.0,109.1316451,33.57745464,85.80036926,21.23985824,91.44962289,109.1316451,27.01314939,78.47734562,27.53092898,90.79524627,109.1316451,33.57745464,82.13885744,23.09524573,90.79524627,716.5010382,0.0,284.6063198,257.1399681,230.6851716,8100.664341,0.0,1821.087012,2571.1582,308.5029235,352.4963131,0.0,140.5254552,126.6149212,115.1320523,59.576715,0.0,20.76449619,21.91640661,11.62325946,281.4480555,0.0,76.16802326,70.41789576,66.01346254,70.03872681,90.13711548
P8Q0Z6JJYK,8/8/2022,3-B-42,,,,5.0,1.0,1.861538462,0.958796089,2.0,440.4258728,320.2354126,349.1174476,24.41579645,344.4673157,736.5667114,340.3500977,385.8432115,68.08721641,360.0794067,629.9301144,0.0,59.94211823,110.0755918,19.39937407,6.028810337,0.0,0.712583989,1.273990022,0.170058916,1206.125214,784.5163574,942.6532325,86.27750524,956.4958089,460.4577332,338.9824117,365.9811067,32.34086241,352.4467621,1206.125214,784.5163574,942.1605534,83.51170424,954.4986572,460.4577332,340.3500977,364.921471,31.3977913,352.3576813,209.5812073,0.0,21.11632461,40.79899115,6.082885742,171.6828873,0.0,16.53508274,30.76839215,4.032775879,480.2557373,0.0,44.94746469,87.22208317,12.16577148,440.4258728,332.1906586,356.2323198,24.69267217,348.4677048,518.5166779,340.3500977,374.0823917,42.22155467,356.3581619,1.686138352,0.537953549,1.058117645,0.374546197,1.143938832,1.906198409,0.537953549,1.118353273,0.43030397,1.202773958,1.813149373,0.537953549,1.087500677,0.400392535,1.176691765,0.148379006,0.003939433,0.021891859,0.020549054,0.015397494,5.0,1.0,2.453125,0.917361834,2.0,372.0201416,316.7835693,336.442399,14.65324694,328.5803986,792.232666,327.8483276,473.2590232,138.9194651,368.2882233,1138.256561,717.8031718,925.3502819,121.77581,933.5318146,519.8211121,327.8483276,392.1907665,56.09470985,356.5035706,1088.852905,740.9285889,925.9809742,113.9924798,930.6626587,502.5825195,327.8483276,370.4549396,39.88109059,360.2097778,226.0032207,0.0,51.92583563,56.78045024,18.07455444,205.4299344,0.0,60.71801626,59.2230426,18.27023315,11.43210497,0.061891249,1.378769405,1.991182387,0.779977986,437.3013306,327.8483276,350.647495,19.23159508,346.9815979,748.4465942,327.8483276,422.7950052,90.41141502,361.451889,1.755076854,0.515054913,1.054770825,0.372384102,1.179298591,2.457760313,0.515054913,1.278878148,0.538397,1.286794065,2.115807582,0.515054913,1.118939448,0.423600125,1.213609398,2.0,0.0,1.291666667,0.563656219,1.0,1.0,6.0,0.0,2.513888889,1.117947717,2.0,2.0,275.071439,0.0,105.0394384,56.12509753,104.2729706,0.0,0.0,0.0,0.0,0.0,640.4273071,0.0,379.90915,186.4701448,294.8731842,0.0,0.0,0.0,0.0,0.0,473.0623634,0.0,117.5127379,99.39939331,64.69453091,49.70149905,0.0,21.25185217,13.59197095,18.64026263,182.6959255,0.0,56.75707631,34.53457906,49.6304411,205.3850861,0.0,42.30487849,43.86061808,22.92911909,174.0422597,0.0,41.39240159,27.31635115,35.32869958,548.0877765,0.0,157.4957796,123.4797216,100.8277538,60.81848112,3.135477279,29.22676433,10.12014252,29.08708665,129.1769688,19.28883655,76.55294751,19.34414003,80.63453935,50.00236754,0.0,13.74385862,15.35633218,7.072927932,148.9372591,35.81047142,91.7612809,23.43255582,88.85503966,129.1769688,1.850623983,62.44944944,26.16287751,62.59786437,129.1769688,5.228963771,75.95628907,20.43528993,80.63453935,,,,,,118.4146485,11.92937545,70.26266095,19.8744218,64.92897811,38.97818167,0.0,10.61147549,11.98352695,7.34539782,128.3984051,11.92937545,81.67535967,24.31764284,74.07388483,116.4071217,6.16779781,59.40116228,22.58643784,57.32899497,118.4146485,11.92937545,69.80709326,20.16255887,65.40068612,1619.993578,0.0,916.6769644,400.7122522,1067.265704,102937.7961,0.0,36497.6849,32140.17468,26130.50867,773.6678831,0.0,406.289101,175.2441305,460.95479,135.9129796,0.0,44.3077665,32.87396429,38.26898182,645.5711149,0.0,263.9859397,122.8018525,264.3506016,287.958252,417.8250351
2CI5OG4A2F,8/8/2022,4-B-53,,,,1.0,1.0,1.0,0.0,1.0,324.1271973,316.5180054,320.0888697,1.964384904,320.3748779,324.1271973,316.5180054,320.0888697,1.964384904,320.3748779,0.0,0.0,0.0,0.0,0.0,0.0,0.0,0.0,0.0,0.0,905.1080933,880.1142578,896.9709737,7.179523483,899.9038696,324.1271973,316.5180054,320.0888697,1.964384904,320.3748779,905.1080933,880.1142578,896.9709737,7.179523483,899.9038696,324.1271973,316.5180054,320.0888697,1.964384904,320.3748779,0.0,0.0,0.0,0.0,0.0,0.0,0.0,0.0,0.0,0.0,0.0,0.0,0.0,0.0,0.0,324.1271973,316.5180054,320.0888697,1.964384904,320.3748779,324.1271973,316.5180054,320.0888697,1.964384904,320.3748779,0.973919187,0.941097122,0.951966789,0.009286474,0.951615764,0.973919187,0.941097122,0.951966789,0.009286474,0.951615764,0.973919187,0.941097122,0.951966789,0.009286474,0.951615764,0.011662655,0.009211367,0.010037686,0.000627338,0.009828972,1.0,1.0,1.0,0.0,1.0,328.5441589,323.9229431,327.6311686,1.548446991,328.3403778,328.5441589,323.9229431,327.6311686,1.548446991,328.3403778,929.1826782,868.7084961,896.5557428,21.87918411,890.3609619,328.5441589,323.9229431,327.6311686,1.548446991,328.3403778,929.1826782,868.7084961,896.5557428,21.87918411,890.3609619,328.5441589,323.9229431,327.6311686,1.548446991,328.3403778,0.0,0.0,0.0,0.0,0.0,0.0,0.0,0.0,0.0,0.0,,,,,,328.5441589,323.9229431,327.6311686,1.548446991,328.3403778,328.5441589,323.9229431,327.6311686,1.548446991,328.3403778,0.987317157,0.963190997,0.974451032,0.00796566,0.97547917,0.987317157,0.963190997,0.974451032,0.00796566,0.97547917,0.987317157,0.963190997,0.974451032,0.00796566,0.97547917,1.0,1.0,1.0,0.0,1.0,1.0,1.0,0.0,0.541666667,0.498260864,1.0,1.0,110.7253515,85.74376911,101.0726276,5.168941938,102.4276754,110.4614465,87.14746755,99.53084664,5.268125578,100.7803836,340.3319092,332.4911804,335.8701494,2.386482111,336.2399445,6.580245087,0.238341999,1.937667831,1.437841373,1.52231356,30.56061812,0.0,10.29768511,10.80453047,7.272208871,30.56061812,0.0,10.29768511,10.80453047,7.272208871,30.56061812,0.0,10.29768511,10.80453047,7.272208871,0.0,0.0,0.0,0.0,0.0,30.56061812,0.0,10.29768511,10.80453047,7.272208871,30.56061812,0.0,10.29768511,10.80453047,7.272208871,8.957301398,0.028431468,3.355562201,3.403454701,0.995754965,99.66263273,46.97545772,67.91678442,16.16685867,64.73331459,0.0,0.0,0.0,0.0,0.0,99.66263273,46.97545772,67.91678442,16.16685867,64.73331459,99.66263273,46.97545772,67.91678442,16.16685867,64.73331459,99.66263273,46.97545772,67.91678442,16.16685867,64.73331459,16.05496262,0.086707684,10.70227691,4.185953311,11.60006393,81.77456734,46.84872929,64.80614882,9.440551239,65.17644908,0.0,0.0,0.0,0.0,0.0,81.77456734,46.84872929,64.80614882,9.440551239,65.17644908,81.77456734,46.84872929,64.80614882,9.440551239,65.17644908,81.77456734,46.84872929,64.80614882,9.440551239,65.17644908,262.1400289,191.6098039,219.8195221,20.49575042,212.3317489,2763.664508,170.6941633,1320.844539,879.8446951,1398.613425,110.4614465,82.82126635,99.11510197,5.754660852,100.5733007,55.71056263,7.200953125,27.5197992,17.16881625,20.30560689,102.2934472,40.99959073,68.91737067,20.70106761,67.76895055,32.23129272,99.44416809
8RDS22WQW3,8/8/2022,3-A-43,,,,1.0,1.0,1.0,0.0,1.0,404.4700012,392.0618286,398.8157505,4.266785623,400.4520569,404.4700012,392.0618286,398.8157505,4.266785623,400.4520569,0.0,0.0,0.0,0.0,0.0,0.0,0.0,0.0,0.0,0.0,1013.104858,792.6591797,904.0255595,76.62719872,888.7722168,404.4700012,392.0618286,398.8157505,4.266785623,400.4520569,1013.104858,792.6591797,904.0255595,76.62719872,888.7722168,404.4700012,392.0618286,398.8157505,4.266785623,400.4520569,0.0,0.0,0.0,0.0,0.0,0.0,0.0,0.0,0.0,0.0,0.0,0.0,0.0,0.0,0.0,404.4700012,392.0618286,398.8157505,4.266785623,400.4520569,404.4700012,392.0618286,398.8157505,4.266785623,400.4520569,1.24407953,1.113261917,1.197848403,0.026788081,1.205917839,1.24407953,1.113261917,1.197848403,0.026788081,1.205917839,1.24407953,1.113261917,1.197848403,0.026788081,1.205917839,0.041901953,0.011780683,0.0290562,0.007753512,0.03123964,1.0,1.0,1.0,0.0,1.0,401.0230103,396.2924194,399.5192871,1.426942363,400.1248016,401.0230103,396.2924194,399.5192871,1.426942363,400.1248016,1037.143555,764.6749878,901.182437,110.6060417,872.8967896,401.0230103,396.2924194,399.5192871,1.426942363,400.1248016,1037.143555,764.6749878,901.182437,110.6060417,872.8967896,401.0230103,396.2924194,399.5192871,1.426942363,400.1248016,0.0,0.0,0.0,0.0,0.0,0.0,0.0,0.0,0.0,0.0,,,,,,401.0230103,396.2924194,399.5192871,1.426942363,400.1248016,401.0230103,396.2924194,399.5192871,1.426942363,400.1248016,1.263547508,1.120860748,1.199633897,0.025855791,1.204339391,1.263547508,1.120860748,1.199633897,0.025855791,1.204339391,1.263547508,1.120860748,1.199633897,0.025855791,1.204339391,1.0,0.0,0.986111111,0.117029858,1.0,1.0,1.0,0.0,0.611111111,0.487498022,1.0,1.0,94.13266136,0.0,47.06488144,19.51198306,45.98288236,0.0,0.0,0.0,0.0,0.0,360.1084595,0.0,330.1849904,40.17629894,332.3767395,0.0,0.0,0.0,0.0,0.0,60.85111939,0.0,22.04281248,21.10373239,20.29574113,60.85111939,0.0,22.04281248,21.10373239,20.29574113,60.85111939,0.0,22.04281248,21.10373239,20.29574113,0.0,0.0,0.0,0.0,0.0,60.85111939,0.0,22.04281248,21.10373239,20.29574113,60.85111939,0.0,22.04281248,21.10373239,20.29574113,16.77476755,0.201595275,8.689955948,4.097604615,8.798408864,107.6269385,28.74819671,88.4198953,17.00499265,91.68173359,0.0,0.0,0.0,0.0,0.0,107.6269385,28.74819671,88.4198953,17.00499265,91.68173359,107.6269385,28.74819671,88.4198953,17.00499265,91.68173359,107.6269385,28.74819671,88.4198953,17.00499265,91.68173359,,,,,,99.65491175,55.75995911,85.99046573,10.1962948,90.42540288,0.0,0.0,0.0,0.0,0.0,99.65491175,55.75995911,85.99046573,10.1962948,90.42540288,99.65491175,55.75995911,85.99046573,10.1962948,90.42540288,99.65491175,55.75995911,85.99046573,10.1962948,90.42540288,342.5540364,0.0,197.7493774,113.0323044,245.3210648,3443.072212,0.0,1500.231597,1288.426433,1812.171374,161.8572425,0.0,91.5053397,51.7726053,106.6774269,39.83574585,0.0,18.85262203,11.70879034,21.53556021,114.9163723,0.0,60.36426766,37.13227327,73.28990437,33.96310425,97.66209412
HG637QTIX0,8/15/2022,1-A-22,,,,1.0,1.0,1.0,0.0,1.0,300.8791199,292.1001892,294.4570916,2.346701313,292.9174957,300.8791199,292.1001892,294.4570916,2.346701313,292.9174957,0.0,0.0,0.0,0.0,0.0,0.0,0.0,0.0,0.0,0.0,936.6123047,852.4002686,892.0354795,28.09231067,884.5257874,300.8791199,292.1001892,294.4570916,2.346701313,292.9174957,936.6123047,852.4002686,892.0354795,28.09231067,884.5257874,300.8791199,292.1001892,294.4570916,2.346701313,292.9174957,0.0,0.0,0.0,0.0,0.0,0.0,0.0,0.0,0.0,0.0,0.0,0.0,0.0,0.0,0.0,300.8791199,292.1001892,294.4570916,2.346701313,292.9174957,300.8791199,292.1001892,294.4570916,2.346701313,292.9174957,0.961208975,0.870527027,0.905003495,0.02027696,0.901059504,0.961208975,0.870527027,0.905003495,0.02027696,0.901059504,0.961208975,0.870527027,0.905003495,0.02027696,0.901059504,0.026038913,0.012294052,0.015468773,0.00285554,0.015121979,1.0,1.0,1.0,0.0,1.0,312.2137451,308.5015259,309.1401568,0.825058022,308.9356232,312.2137451,308.5015259,309.1401568,0.825058022,308.9356232,977.3134155,816.798645,889.9073514,64.55368997,862.4092102,312.2137451,308.5015259,309.1401568,0.825058022,308.9356232,977.3134155,816.798645,889.9073514,64.55368997,862.4092102,312.2137451,308.5015259,309.1401568,0.825058022,308.9356232,0.0,0.0,0.0,0.0,0.0,0.0,0.0,0.0,0.0,0.0,,,,,,312.2137451,308.5015259,309.1401568,0.825058022,308.9356232,312.2137451,308.5015259,309.1401568,0.825058022,308.9356232,1.014314255,0.910394441,0.950212684,0.023614663,0.951526254,1.014314255,0.910394441,0.950212684,0.023614663,0.951526254,1.014314255,0.910394441,0.950212684,0.023614663,0.951526254,1.0,1.0,1.0,0.0,1.0,1.0,1.0,0.0,0.611111111,0.487498022,1.0,1.0,81.34014456,38.40406039,63.5706776,9.900567835,63.67593393,78.53142648,57.16131857,66.0334345,6.630212192,63.65550052,340.2337341,304.5509338,326.1804784,8.412719942,324.6069031,6.341026476,0.022156887,1.553729542,1.177492782,1.146929913,53.58172015,0.0,24.53251264,21.3479087,28.87193665,53.58172015,0.0,24.53251264,21.3479087,28.87193665,53.58172015,0.0,24.53251264,21.3479087,28.87193665,0.0,0.0,0.0,0.0,0.0,53.58172015,0.0,24.53251264,21.3479087,28.87193665,53.58172015,0.0,24.53251264,21.3479087,28.87193665,24.79595117,0.042544665,7.077027637,5.789962087,7.961651936,99.07520437,56.77765269,77.04650729,12.36346675,74.1597782,0.0,0.0,0.0,0.0,0.0,99.07520437,56.77765269,77.04650729,12.36346675,74.1597782,99.07520437,56.77765269,77.04650729,12.36346675,74.1597782,99.07520437,56.77765269,77.04650729,12.36346675,74.1597782,20.77877926,0.026556546,12.42363639,5.622699838,13.21770017,74.71835154,37.0970097,66.12601136,7.259470481,68.17531494,0.0,0.0,0.0,0.0,0.0,74.71835154,37.0970097,66.12601136,7.259470481,68.17531494,74.71835154,37.0970097,66.12601136,7.259470481,68.17531494,74.71835154,37.0970097,66.12601136,7.259470481,68.17531494,258.4083745,88.71143099,177.6534179,54.96421811,188.3986912,2863.931604,7.604921372,1348.89595,1066.995007,1419.397789,110.2527122,44.28212062,78.36561062,20.5257961,77.97735977,26.78835765,5.260059702,14.86158418,5.672970568,13.49409551,65.51768942,24.1728737,45.57111356,13.78564894,46.33265512,56.08496094,59.35951233
8AIHV64J65,8/15/2022,1-A-9,,,,1.0,1.0,1.0,0.0,1.0,283.8066406,113.0648346,274.1918615,25.24634178,276.7690277,283.8066406,113.0648346,274.1918615,25.24634178,276.7690277,0.0,0.0,0.0,0.0,0.0,0.0,0.0,0.0,0.0,0.0,928.5075073,844.5682373,879.1544771,23.87313309,876.4850159,283.8066406,113.0648346,274.1918615,25.24634178,276.7690277,928.5075073,844.5682373,879.1544771,23.87313309,876.4850159,283.8066406,113.0648346,274.1918615,25.24634178,276.7690277,0.0,0.0,0.0,0.0,0.0,0.0,0.0,0.0,0.0,0.0,0.0,0.0,0.0,0.0,0.0,283.8066406,113.0648346,274.1918615,25.24634178,276.7690277,283.8066406,113.0648346,274.1918615,25.24634178,276.7690277,0.968807824,0.385996644,0.922179641,0.085690662,0.926689224,0.968807824,0.385996644,0.922179641,0.085690662,0.926689224,0.968807824,0.385996644,0.922179641,0.085690662,0.926689224,0.081759184,0.028080245,0.04974246,0.019388221,0.040037258,1.0,1.0,1.0,0.0,1.0,304.8535461,173.4115448,291.8702542,17.79631938,292.9570465,304.8535461,173.4115448,291.8702542,17.79631938,292.9570465,932.3984375,848.3197632,878.9375425,24.64276647,878.309082,304.8535461,173.4115448,291.8702542,17.79631938,292.9570465,932.3984375,848.3197632,878.9375425,24.64276647,878.309082,304.8535461,173.4115448,291.8702542,17.79631938,292.9570465,0.0,0.0,0.0,0.0,0.0,0.0,0.0,0.0,0.0,0.0,,,,,,304.8535461,173.4115448,291.8702542,17.79631938,292.9570465,304.8535461,173.4115448,291.8702542,17.79631938,292.9570465,1.042467428,0.592016736,0.982988151,0.061590133,0.984152445,1.042467428,0.592016736,0.982988151,0.061590133,0.984152445,1.042467428,0.592016736,0.982988151,0.061590133,0.984152445,1.0,0.0,0.888888889,0.314269681,1.0,1.0,1.0,0.0,0.722222222,0.447903208,1.0,1.0,35.61222455,0.0,18.63470349,9.675986939,16.38086271,0.0,0.0,0.0,0.0,0.0,304.5537109,0.0,263.3810276,93.21586218,293.162262,0.0,0.0,0.0,0.0,0.0,71.10749161,0.0,12.37923377,10.64207335,15.39105035,71.10749161,0.0,12.37923377,10.64207335,15.39105035,71.10749161,0.0,12.37923377,10.64207335,15.39105035,0.0,0.0,0.0,0.0,0.0,71.10749161,0.0,12.37923377,10.64207335,15.39105035,71.10749161,0.0,12.37923377,10.64207335,15.39105035,19.95958343,0.017060439,4.833849323,5.995053352,2.057799105,42.4217255,0.044035937,10.81389402,14.90227447,1.222830027,0.0,0.0,0.0,0.0,0.0,42.4217255,0.044035937,10.81389402,14.90227447,1.222830027,42.4217255,0.044035937,10.81389402,14.90227447,1.222830027,42.4217255,0.044035937,10.81389402,14.90227447,1.222830027,,,,,,31.9416703,0.050360655,12.49279222,9.175326192,13.34460824,0.0,0.0,0.0,0.0,0.0,31.9416703,0.050360655,12.49279222,9.175326192,13.34460824,31.9416703,0.050360655,12.49279222,9.175326192,13.34460824,31.9416703,0.050360655,12.49279222,9.175326192,13.34460824,374.599282,0.0,40.66237035,48.35452415,44.54847381,3337.00717,0.0,112.2653392,388.2829989,65.21631642,180.5097955,0.0,18.80780691,23.15391139,19.80878502,16.13874721,0.0,4.386435306,3.870425771,4.960125938,119.6734145,0.0,10.94575073,14.94645495,12.3516592,4.279388428,19.18110657
NLRV22YF0B,8/15/2022,1-A-38,,,,2.0,1.0,1.103448276,0.304543478,1.0,287.6017151,264.0198669,276.9915908,5.778656997,276.4282227,321.1924438,264.3547974,282.0250623,12.85373299,276.7334595,55.979472,0.0,5.369425052,15.87588955,0.0,1.057305569,0.0,0.079406672,0.260414075,0.0,944.8692627,852.3948975,877.1538559,32.66187991,860.5383911,298.8351288,264.3547974,279.5083266,6.613021382,276.7334595,944.8692627,852.3948975,877.1538559,32.66187991,860.5383911,298.8351288,264.3547974,279.5083266,6.613021382,276.7334595,15.35040283,0.0,0.642280316,2.810436509,0.0,27.94761658,0.0,2.516735735,7.45477112,0.0,30.70080566,0.0,1.284560631,5.620873018,0.0,287.6564713,264.3547974,278.2499587,4.966795862,276.5145264,310.0137863,264.3547974,280.7666944,9.517449694,276.7334595,1.394244912,0.846575905,0.983282455,0.160308903,0.920092627,1.443638307,0.846575905,0.992733177,0.169187822,0.929550005,1.394244912,0.846575905,0.988007816,0.164155955,0.920941534,0.03777476,0.005310105,0.011530996,0.008900297,0.005884133,1.0,1.0,1.0,0.0,1.0,340.9776917,336.7044678,337.8212807,1.36521665,337.188446,340.9776917,336.7044678,337.8212807,1.36521665,337.188446,984.9890137,804.9765015,880.6583363,71.78884288,846.1968079,340.9776917,336.7044678,337.8212807,1.36521665,337.188446,984.9890137,804.9765015,880.6583363,71.78884288,846.1968079,340.9776917,336.7044678,337.8212807,1.36521665,337.188446,0.0,0.0,0.0,0.0,0.0,0.0,0.0,0.0,0.0,0.0,,,,,,340.9776917,336.7044678,337.8212807,1.36521665,337.188446,340.9776917,336.7044678,337.8212807,1.36521665,337.188446,1.696764876,1.065066818,1.222139207,0.196549011,1.122274518,1.696764876,1.065066818,1.222139207,0.196549011,1.122274518,1.696764876,1.065066818,1.222139207,0.196549011,1.122274518,2.0,0.0,0.930555556,0.673432107,1.0,1.0,2.0,0.0,0.944444444,0.549971941,1.0,1.0,188.3201947,0.0,86.13950357,71.64296758,68.52051899,184.968897,0.0,96.98403247,85.19527756,143.9128513,316.6511841,0.0,206.4927082,126.9056107,270.6650543,9.567197094,0.0,1.740672288,2.512577672,0.953155017,80.15616047,0.0,46.73126579,28.03556367,59.72990228,80.15616047,0.0,44.05955657,29.5398326,59.05661085,80.15616047,0.0,45.39541118,28.40861969,59.05661085,27.84138203,0.0,1.335854607,4.716735873,0.0,80.15616047,0.0,45.39541118,28.40861969,59.05661085,97.13440666,0.0,48.05149413,27.88232857,60.54624127,22.32280223,0.164646689,12.19953794,5.566239236,12.06468567,44.750797,4.80008807,28.98359575,13.45059603,32.29164821,21.08910813,0.0,1.080010756,3.81477063,0.0,46.40844721,4.80008807,30.0636065,13.39591693,32.55559953,44.750797,0.132837143,27.90358499,14.54274481,32.20357219,44.750797,4.80008807,28.98359575,13.45059603,32.29164821,39.11613825,20.44495745,30.60419038,4.783034151,30.66419131,38.15972184,0.029247954,26.48779371,11.37075822,31.59252799,0.0,0.0,0.0,0.0,0.0,38.15972184,0.029247954,26.48779371,11.37075822,31.59252799,38.15972184,0.029247954,26.48779371,11.37075822,31.59252799,38.15972184,0.029247954,26.48779371,11.37075822,31.59252799,462.1787454,0.0,278.4896695,183.0755786,382.2067126,4196.126383,0.0,1540.312183,1226.923935,1827.008286,229.1346609,0.0,137.4164493,90.60314033,190.4273336,52.94540542,0.0,20.23442402,15.71585848,20.69291897,169.1024942,0.0,63.62085211,42.82245648,76.03393261,82.00006104,176.4240112
GLVBOYZBXY,8/15/2022,2-A-18,,,,1.0,1.0,1.0,0.0,1.0,265.0313416,253.8857422,261.2875712,2.483156362,260.8375092,265.0313416,253.8857422,261.2875712,2.483156362,260.8375092,0.0,0.0,0.0,0.0,0.0,0.0,0.0,0.0,0.0,0.0,948.6847534,844.5003662,887.6375631,35.71708514,882.4741821,265.0313416,253.8857422,261.2875712,2.483156362,260.8375092,948.6847534,844.5003662,887.6375631,35.71708514,882.4741821,265.0313416,253.8857422,261.2875712,2.483156362,260.8375092,0.0,0.0,0.0,0.0,0.0,0.0,0.0,0.0,0.0,0.0,0.0,0.0,0.0,0.0,0.0,265.0313416,253.8857422,261.2875712,2.483156362,260.8375092,265.0313416,253.8857422,261.2875712,2.483156362,260.8375092,0.971900542,0.833775694,0.874627392,0.028433136,0.867165909,0.971900542,0.833775694,0.874627392,0.028433136,0.867165909,0.971900542,0.833775694,0.874627392,0.028433136,0.867165909,0.030408824,0.006830625,0.01657588,0.007986131,0.014036293,1.0,1.0,1.0,0.0,1.0,296.1821594,288.5971375,292.0447294,1.760441481,292.648819,296.1821594,288.5971375,292.0447294,1.760441481,292.648819,973.1394653,824.2730713,898.1028756,53.74813121,894.7523804,296.1821594,288.5971375,292.0447294,1.760441481,292.648819,973.1394653,824.2730713,898.1028756,53.74813121,894.7523804,296.1821594,288.5971375,292.0447294,1.760441481,292.648819,0.0,0.0,0.0,0.0,0.0,0.0,0.0,0.0,0.0,0.0,,,,,,296.1821594,288.5971375,292.0447294,1.760441481,292.648819,296.1821594,288.5971375,292.0447294,1.760441481,292.648819,1.077454396,0.935822023,0.973960569,0.027795312,0.973967708,1.077454396,0.935822023,0.973960569,0.027795312,0.973967708,1.077454396,0.935822023,0.973960569,0.027795312,0.973967708,2.0,1.0,1.236111111,0.424691246,1.0,1.0,1.0,1.0,1.0,0.0,1.0,1.0,146.3994865,32.88519151,85.73950671,38.14983131,93.1710178,124.7809821,63.69679766,104.0139736,17.44612563,109.9275565,311.5777588,272.0059204,300.0593991,7.366191693,300.4096832,15.09529684,0.293058812,7.305963636,4.56449863,7.889504645,44.06678794,24.89720493,35.07918925,4.868706374,33.85214865,44.06678794,24.89720493,35.07918925,4.868706374,33.85214865,44.06678794,24.89720493,35.07918925,4.868706374,33.85214865,0.0,0.0,0.0,0.0,0.0,44.06678794,24.89720493,35.07918925,4.868706374,33.85214865,44.06678794,24.89720493,35.07918925,4.868706374,33.85214865,36.30902059,0.203184365,20.03400551,9.858496043,21.4526831,70.1279646,0.15841301,31.88039635,22.27193245,36.87448829,0.0,0.0,0.0,0.0,0.0,70.1279646,0.15841301,31.88039635,22.27193245,36.87448829,70.1279646,0.15841301,31.88039635,22.27193245,36.87448829,70.1279646,0.15841301,31.88039635,22.27193245,36.87448829,53.66534567,3.722311882,41.48571664,11.39233599,45.37894107,41.01190436,0.764266555,24.02971566,10.23485506,26.22212021,0.0,0.0,0.0,0.0,0.0,41.01190436,0.764266555,24.02971566,10.23485506,26.22212021,41.01190436,0.764266555,24.02971566,10.23485506,26.22212021,41.01190436,0.764266555,24.02971566,10.23485506,26.22212021,270.2554215,113.5386382,211.5810279,48.16599637,227.2735983,2915.815039,166.4862307,1620.873933,895.2271804,1900.020433,124.7809821,53.20106533,99.241549,21.8221406,107.2864255,20.93732599,0.391588415,10.80382033,4.718457912,10.85730915,85.55748051,26.62069743,53.44451093,16.32872272,52.68933004,79.25784302,67.7052536
